[
{"url":"https://telegra.ph/file/1830c7c4a00b9f3dc149f.jpg"},
{"url":"https://telegra.ph/file/9c4c6367ba38da1a0b879.jpg"},
{"url":"https://telegra.ph/file/4d9af36dece73edd35196.jpg"},
{"url":"https://telegra.ph/file/0b6a0e637001ddde37ee9.jpg"},
{"url":"https://telegra.ph/file/967fa17069115841a4bcd.jpg"},
{"url":"https://telegra.ph/file/5e447295b1d2583aebb18.jpg"},
{"url":"https://telegra.ph/file/edd22131c56c585eb8c8f.jpg"},
{"url":"https://telegra.ph/file/438e3752b327c906ffca9.jpg"},
{"url":"https://telegra.ph/file/0ed41f7bab780a9525442.jpg"},
{"url":"https://telegra.ph/file/1b53a426efc654173529e.jpg"},
{"url":"https://telegra.ph/file/3f4a973434e7cf17c1929.jpg"},
{"url":"https://telegra.ph/file/21c84c0812baf03fd959e.jpg"},
{"url":"https://telegra.ph/file/07571f98b6350e81b8c91.jpg"},
{"url":"https://telegra.ph/file/b292b57345f0bbf186466.jpg"},
{"url":"https://telegra.ph/file/d18d81bb388a83fdd3493.jpg"},
{"url":"https://telegra.ph/file/b76c5de306eb3d306b3cb.jpg"},
{"url":"https://telegra.ph/file/af347c8ff34d3ed66d282.jpg"},
{"url":"https://telegra.ph/file/2121d277a0363c469223e.jpg"},
{"url":"https://telegra.ph/file/2121d277a0363c469223e.jpg"}
]
