[
    {
        "nama": "Ibuki",
        "sekolah": "Kivotos",
        "ulangTahun": "22 Maret",
        "umur": "16 tahun",
        "hobbies": "Ibuki dikenal sebagai karakter yang ceria dan energik.",
        "url": "https://j.top4top.io/p_3242xmlke1.jpg"
    },
    {
        "nama": "Murokasa Akane",
        "sekolah": "Millennium Science",
        "ulangTahun": "April 1",
        "umur": "16",
        "hobbies": "Cleaning",
        "url": "https://e.top4top.io/p_3242fv61w1.jpg"
    }
    
]